iter	R2	RMSE
0	-1.773362609	0.3264286946
1	-1.538098972	0.3122764811
2	-1.329618293	0.299176436
3	-1.141398326	0.2868360477
4	-0.9672430348	0.2749248574
5	-0.8051325331	0.2633537744
6	-0.6633836149	0.25280241
7	-0.5305999498	0.242502292
8	-0.4104600253	0.2327905741
9	-0.3028266733	0.2237321113
10	-0.2031577362	0.2150038735
11	-0.1123054232	0.2067269169
12	-0.03260296328	0.1991827315
13	0.03954399784	0.1920983956
14	0.1034139154	0.185601293
15	0.1637494564	0.1792475411
16	0.2185237431	0.1732777875
17	0.2708093588	0.167380763
18	0.3150640354	0.1622220875
19	0.3563750398	0.1572539052
20	0.3928264387	0.1527360049
21	0.422160556	0.1490007973
22	0.4538614879	0.144855971
23	0.4817468261	0.1411094131
24	0.5041355092	0.1380277806
25	0.5298268384	0.1344045335
26	0.5539520325	0.1309108922
27	0.5761768765	0.1276078302
28	0.5928227184	0.1250768023
29	0.6080207322	0.1227203398
30	0.6235180804	0.1202699312
31	0.6379260771	0.1179461106
32	0.651197611	0.1157643202
33	0.6639404556	0.113630029
34	0.6763464053	0.1115129276
35	0.6857304353	0.1098844307
36	0.6952018792	0.1082159167
37	0.7026880541	0.1068787043
38	0.7109701289	0.1053795561
39	0.7181693001	0.1040588806
40	0.7233273562	0.1031022422
41	0.7275043712	0.1023209987
42	0.7339281986	0.1011077452
43	0.7395596721	0.100032038
44	0.7452468986	0.09893381134
45	0.7481577317	0.09836697396
46	0.7539284138	0.09723345878
47	0.7590496848	0.09621632162
48	0.7628835308	0.09544778624
49	0.7672536377	0.09456413434
50	0.7708693253	0.09382673789
51	0.7738483418	0.09321480352
52	0.7776590061	0.09242613057
53	0.7798680859	0.09196583223
54	0.7826462955	0.09138365486
55	0.7851548466	0.09085477995
56	0.7864601933	0.0905783537
57	0.7882155257	0.09020530099
58	0.7907941389	0.08965446515
59	0.7929749304	0.08918595559
60	0.7943526637	0.08888869794
61	0.7952849379	0.08868698666
62	0.7969875897	0.08831740383
63	0.7993480637	0.08780245878
64	0.8000738696	0.0876435137
65	0.8014671408	0.08733758903
66	0.8031194786	0.08697338553
67	0.8045661807	0.08665325081
68	0.8063942418	0.08624702735
69	0.8076169756	0.08597424571
70	0.8093457379	0.08558708983
71	0.81093813	0.08522891799
72	0.811960943	0.08499806375
73	0.8130755953	0.0847457648
74	0.8140590248	0.08452254251
75	0.8151512264	0.08427393776
76	0.816059046	0.08406674218
77	0.8170180433	0.08384730999
78	0.8176699362	0.08369781918
79	0.8185272015	0.08350082542
80	0.8188135033	0.08343493159
81	0.8192941933	0.08332418114
82	0.8203475523	0.08308097215
83	0.8211171004	0.08290284092
84	0.8219849285	0.08270150005
85	0.822583877	0.0825622543
86	0.8233354765	0.08238718677
87	0.8237337482	0.08229426773
88	0.8243047727	0.08216086112
89	0.8246564881	0.08207858308
90	0.8248623913	0.08203037711
91	0.8253042372	0.08192683662
92	0.8260880464	0.08174283901
93	0.8266166163	0.08161852415
94	0.8270582817	0.08151450303
95	0.8275799006	0.08139148004
96	0.8281633278	0.08125365898
97	0.8285223	0.0811687439
98	0.8297273791	0.08088302973
99	0.8301181277	0.08079016957
100	0.8313164433	0.08050472578
101	0.8320618479	0.08032665558
102	0.832689473	0.08017641511
103	0.833689561	0.07993643124
104	0.8344139389	0.07976215664
105	0.8347725412	0.07967574116
106	0.8350403228	0.07961115035
107	0.8353768535	0.07952990239
108	0.8356576823	0.07946203884
109	0.8362088688	0.07932867335
110	0.8366238031	0.07922812743
111	0.8373803744	0.07904446762
112	0.8378723957	0.07892479871
113	0.8381839289	0.07884893404
114	0.83840177	0.07879584191
115	0.8385523373	0.07875912478
116	0.83875688	0.07870921786
117	0.8389885386	0.07865265661
118	0.8394537209	0.07853895575
119	0.8396731238	0.07848527164
120	0.8400121931	0.07840223495
121	0.8401285049	0.07837373038
122	0.8407083598	0.07823147028
123	0.8408123734	0.07820592446
124	0.8412233544	0.07810490555
125	0.8416321315	0.0780042986
126	0.8417298182	0.07798023704
127	0.8418907716	0.07794057581
128	0.842343064	0.07782901629
129	0.8426445879	0.07775455544
130	0.843404501	0.07756657901
131	0.8435156969	0.07753903476
132	0.8437171867	0.0774890989
133	0.8440686804	0.07740190997
134	0.8446124168	0.07726684091
135	0.8450774608	0.07715113216
136	0.8454851235	0.07704955768
137	0.8455233612	0.07704002338
138	0.8456141059	0.07701739213
139	0.8459323712	0.07693796579
140	0.846314938	0.07684238373
141	0.8465421822	0.07678555178
142	0.8466583656	0.07675647897
143	0.8469476497	0.07668404296
144	0.8472722044	0.07660269376
145	0.8474646346	0.07655442056
146	0.8478414801	0.07645979652
147	0.8479811941	0.07642468525
148	0.8483660044	0.07632789576
149	0.8487320068	0.07623572292
150	0.8493813093	0.07607192994
151	0.849809345	0.07596376053
152	0.8500756659	0.07589638046
153	0.8504572761	0.07579972741
154	0.8507776081	0.07571849948
155	0.8514049326	0.07555917317
156	0.8514544586	0.07554658039
157	0.8517613883	0.07546849162
158	0.8520781072	0.07538782749
159	0.8525926558	0.0752565944
160	0.8527129031	0.07522589292
161	0.8531169519	0.07512263945
162	0.8534537723	0.07503645741
163	0.8535379305	0.07501490844
164	0.8540013418	0.07489613948
165	0.8542030098	0.07484439455
166	0.8545533305	0.07475442251
167	0.8550925446	0.07461572539
168	0.8556071808	0.07448310935
169	0.8558153063	0.07442941061
170	0.8562258387	0.07432337486
171	0.8563359549	0.07429490738
172	0.8566256752	0.07421995609
173	0.8569355949	0.07413969533
174	0.8574031871	0.07401843694
175	0.8577743275	0.07392204933
176	0.8583307247	0.07377731341
177	0.858878251	0.07363460738
178	0.8589992238	0.07360303997
179	0.8591647771	0.07355981749
180	0.8595046413	0.07347100644
181	0.8598436036	0.073382324
182	0.8600538701	0.07332725824
183	0.8605471286	0.07319791841
184	0.8607806472	0.07313660651
185	0.86118274	0.07303091371
186	0.8617119048	0.07289158564
187	0.8618843763	0.07284611663
188	0.8624324081	0.07270144917
189	0.8625278562	0.0726762237
190	0.862680361	0.0726359008
191	0.8629081165	0.07257563959
192	0.8634000769	0.0724453021
193	0.8637979353	0.07233972373
194	0.8639850203	0.07229002433
195	0.8642908229	0.07220871372
196	0.8646180567	0.07212160321
197	0.8649581404	0.07203096038
198	0.8653550064	0.07192503887
199	0.8657987399	0.07180642366
200	0.8661319196	0.07171723185
201	0.8665172073	0.07161395228
202	0.8668836331	0.07151559041
203	0.8671950358	0.07143189226
204	0.8673964731	0.07137769808
205	0.8677934552	0.07127077444
206	0.868128393	0.07118043695
207	0.8682993292	0.0711342888
208	0.8685767916	0.07105931766
209	0.8689173228	0.07096719692
210	0.869168491	0.07089917401
211	0.8694737945	0.07081640187
212	0.8697167052	0.07075047613
213	0.8698878567	0.07070398886
214	0.8701825709	0.07062386844
215	0.8702133447	0.07061549707
216	0.8705043674	0.07053628151
217	0.8706447211	0.07049804583
218	0.8708387359	0.07044515738
219	0.8708666904	0.07043753371
220	0.8711167133	0.07036931147
221	0.8715770851	0.07024351926
222	0.8719486002	0.0701418418
223	0.8723050364	0.07004415246
224	0.8723930716	0.07002000345
225	0.8726927334	0.06993774047
226	0.8728570301	0.06989259673
227	0.8731447472	0.06981347053
228	0.8736636893	0.06967052697
229	0.8738665019	0.06961458212
230	0.8741778109	0.06952862146
231	0.8743339663	0.06948546278
232	0.8745783725	0.06941785923
233	0.8747479866	0.06937090468
234	0.8748803223	0.06933424789
235	0.8751504688	0.06925935749
236	0.8753090559	0.06921535598
237	0.8753694009	0.06919860536
238	0.8756539514	0.06911956479
239	0.875896524	0.0690521131
240	0.8760140424	0.06901941129
241	0.8764312094	0.06890320103
242	0.8765357722	0.06887404224
243	0.8765889982	0.06885919468
244	0.8768099542	0.06879752405
245	0.8771095829	0.06871380678
246	0.8771656068	0.06869814221
247	0.8772241504	0.06868176929
248	0.8776938792	0.06855025842
249	0.8777665756	0.06852988289
250	0.878140464	0.06842499281
251	0.8784015993	0.06835163881
252	0.8786779892	0.06827391392
253	0.8789115297	0.06820816983
254	0.8792681884	0.06810764428
255	0.8793764794	0.06807709266
256	0.8796469444	0.06800072777
257	0.8797542681	0.0679704015
258	0.8798883492	0.06793249543
259	0.8802206093	0.06783847088
260	0.8806532265	0.06771585113
261	0.8809183431	0.06764059742
262	0.8810177042	0.06761237204
263	0.8812546452	0.06754501695
264	0.8813639439	0.06751392403
265	0.881639577	0.06743544917
266	0.8818639629	0.0673714973
267	0.8820532332	0.06731750642
268	0.8821694024	0.06728434677
269	0.882390361	0.06722123061
270	0.88251097	0.067186754
271	0.8828037779	0.06710297985
272	0.8829267216	0.06706777373
273	0.8831091866	0.06701548896
274	0.8832899882	0.0669636406
275	0.8834023227	0.06693140627
276	0.8834244655	0.06692505057
277	0.8838190659	0.06681168614
278	0.883965669	0.06676951962
279	0.8840299004	0.06675103675
280	0.884211639	0.06669871295
281	0.884548131	0.06660172601
282	0.8847924193	0.06653122636
283	0.8851208196	0.06643633472
284	0.8852775393	0.06639100259
285	0.8853005161	0.06638435381
286	0.8856136537	0.06629367492
287	0.8858877413	0.06621420228
288	0.8860127562	0.06617792207
289	0.8861808446	0.06612911027
290	0.886312628	0.06609081601
291	0.8865102248	0.06603335574
292	0.8866108426	0.06600407732
293	0.8868914328	0.06592236064
294	0.8870724836	0.06586957917
295	0.8873133526	0.06579929333
296	0.8874605782	0.06575629574
297	0.8878269542	0.06564917253
298	0.8879692633	0.06560751617
299	0.8882260643	0.06553227905
300	0.8883625934	0.06549224379
301	0.8885490845	0.0654375183
302	0.8887877304	0.06536742123
303	0.8891486055	0.06526127899
304	0.8893275091	0.06520859497
305	0.8895762978	0.06513526016
306	0.8898161453	0.06506448269
307	0.8900395252	0.06499849539
308	0.8902173209	0.0649459259
309	0.8903140596	0.06491730498
310	0.8906476886	0.06481850111
311	0.8908640432	0.06475434734
312	0.8910525739	0.06469839209
313	0.891187992	0.06465817058
314	0.8913127557	0.06462109148
315	0.891425821	0.06458747066
316	0.8916563858	0.06451885624
317	0.8917393555	0.06449414718
318	0.8917825792	0.06448127106
319	0.8919673268	0.06442620668
320	0.8921433147	0.06437370936
321	0.8922397007	0.06434493919
322	0.8924209691	0.06429079766
323	0.8925844487	0.06424193021
324	0.8928418471	0.06416491302
325	0.8930894401	0.06409074241
326	0.8933013725	0.06402718626
327	0.8934398791	0.06398561559
328	0.893626542	0.06392954876
329	0.8937942167	0.06387914336
330	0.8938163235	0.06387249476
331	0.8939915861	0.06381976028
332	0.8942150077	0.06375247207
333	0.8943783656	0.06370322835
334	0.8947013306	0.06360575936
335	0.8948517877	0.06356030127
336	0.8952636632	0.06343569326
337	0.895439607	0.06338238888
338	0.8957278654	0.0632949604
339	0.8960483844	0.06319760528
340	0.8962034226	0.0631504598
341	0.8963734174	0.06309872567
342	0.8964588766	0.06307270206
343	0.8964986054	0.06306060038
344	0.8966543883	0.06301312534
345	0.896790283	0.06297168204
346	0.896934051	0.06292780794
347	0.8971233366	0.06286999641
348	0.8972220575	0.062839824
349	0.8973408604	0.06280349465
350	0.8975055321	0.06275310406
351	0.8976967219	0.06269454796
352	0.8978486342	0.06264798242
353	0.8980580888	0.0625837217
354	0.8980740702	0.0625788159
355	0.8982309736	0.06253063086
356	0.898446162	0.06246448603
357	0.8985102883	0.0624447613
358	0.8986125316	0.06241329914
359	0.8987910066	0.06235834106
360	0.8989609497	0.06230596517
361	0.8990051552	0.06229233399
362	0.8992090087	0.06222943511
363	0.8992975043	0.06220211005
364	0.8993689943	0.06218002708
365	0.8995906532	0.06211150767
366	0.8997228654	0.06207060208
367	0.8998150523	0.06204206412
368	0.8998457969	0.06203254371
369	0.8999837847	0.06198979619
370	0.8999996007	0.06198489463
371	0.9000968937	0.06195473394
372	0.9002248794	0.06191503618
373	0.9003472746	0.06187704862
374	0.9003916488	0.06186327051
375	0.9004744985	0.06183753762
376	0.9005052861	0.06182797235
377	0.9005620408	0.0618103356
378	0.9008277513	0.06172769793
379	0.9008414806	0.06172342504
380	0.900912733	0.06170124471
381	0.9010874446	0.06164682463
382	0.9011581499	0.0616247873
383	0.901254823	0.06159464359
384	0.9013632816	0.06156080751
385	0.9015957563	0.06148821904
386	0.901676498	0.06146298801
387	0.9017336719	0.06144511542
388	0.9018702726	0.06140239292
389	0.9019762761	0.06136921937
390	0.902193394	0.06130121673
391	0.902234041	0.06128847746
392	0.9023033429	0.0612667513
393	0.9023884275	0.06124006669
394	0.9025635048	0.06118512157
395	0.9026449818	0.06115953452
396	0.9028074237	0.06110848931
397	0.902853318	0.0610940599
398	0.9030170537	0.06104255275
399	0.9030886481	0.06102001728
400	0.903105955	0.0610145684
401	0.9032098231	0.06098185656
402	0.9033639783	0.06093327511
403	0.9033925889	0.06092425433
404	0.9034421236	0.06090863309
405	0.9035311753	0.06088053975
406	0.9036496598	0.06084314104
407	0.9037734101	0.06080405568
408	0.9038356251	0.06078439617
409	0.9039162627	0.06075890578
410	0.9039726564	0.06074107279
411	0.9040918317	0.06070336954
412	0.9042131505	0.0606649641
413	0.9042933744	0.06063955458
414	0.9043557314	0.06061979671
415	0.9046856218	0.06051516334
416	0.9047714719	0.06048790405
417	0.9049145694	0.06044244013
418	0.905028053	0.06040636064
419	0.9051735742	0.06036006392
420	0.9052393634	0.06033912181
421	0.905273148	0.06032836465
422	0.9053070182	0.06031757829
423	0.9055362157	0.06024453688
424	0.9056260625	0.06021588007
425	0.9057485691	0.0601767843
426	0.9057854218	0.06016501848
427	0.9058792296	0.06013505839
428	0.905984334	0.06010147269
429	0.9060245802	0.06008860721
430	0.9061621616	0.06004460579
431	0.9062861513	0.06000492362
432	0.906423113	0.05996105937
433	0.9065171522	0.05993092314
434	0.9065623174	0.0599164439
435	0.9067661787	0.05985104569
436	0.9068649408	0.05981933734
437	0.9070487933	0.05976026524
438	0.9071788096	0.05971845552
439	0.9072194675	0.05970537505
440	0.9072414436	0.05969830368
441	0.9072637848	0.05969111399
442	0.9073516008	0.05966284521
443	0.9075273204	0.05960623924
444	0.9075803322	0.05958915155
445	0.9077684751	0.0595284665
446	0.9079264695	0.05947745794
447	0.9080137399	0.05944926386
448	0.9081412853	0.05940803428
449	0.9083378734	0.05934443027
450	0.9083948129	0.05932599533
451	0.908542838	0.05927804343
452	0.9087748379	0.05920281022
453	0.9088952845	0.05916371394
454	0.9089850883	0.0591345473
455	0.9090662435	0.05910817717
456	0.9091077078	0.05909469948
457	0.9091725756	0.05907360841
458	0.9093590174	0.05901294696
459	0.9094693197	0.05897702918
460	0.9096202644	0.05892784153
461	0.9097413839	0.05888834317
462	0.9098348555	0.05885784294
463	0.9099257129	0.05882818062
464	0.9100088898	0.05880101262
465	0.9100867667	0.05877556436
466	0.9102167299	0.05873307105
467	0.9103615358	0.05868568845
468	0.9103889591	0.05867671085
469	0.9104482528	0.0586572951
470	0.9105067949	0.05863811911
471	0.9106982305	0.05857536893
472	0.9107125801	0.05857066258
473	0.9108400885	0.05852882625
474	0.9109498346	0.05849279385
475	0.9109728232	0.05848524331
476	0.9110125193	0.05847220293
477	0.9111488399	0.05842739878
478	0.911203748	0.05840934254
479	0.9112797252	0.05838434864
480	0.9113784412	0.05835185847
481	0.9115540193	0.05829402612
482	0.9115934591	0.05828102743
483	0.9117427052	0.05823181225
484	0.9119186598	0.05817373623
485	0.9120282404	0.05813753845
486	0.9121612018	0.05809358701
487	0.912204873	0.05807914389
488	0.9122743805	0.05805614868
489	0.912314415	0.05804289989
490	0.9124748272	0.0579897837
491	0.9126139552	0.05794367574
492	0.9127162521	0.05790975044
493	0.9127393851	0.05790207595
494	0.9127635058	0.05789407272
495	0.9128420452	0.05786800571
496	0.9128699799	0.05785873145
497	0.9129185427	0.0578426051
498	0.9129551742	0.05783043786
499	0.9129692134	0.05782577402
500	0.9131753428	0.05775725427
501	0.9132579083	0.05772978573
502	0.9133627975	0.05769487154
503	0.9133991453	0.0576827676
504	0.9134991776	0.05764944341
505	0.9135143476	0.05764438807
506	0.9135803589	0.05762238497
507	0.9136467565	0.05760024461
508	0.913741815	0.05756853242
509	0.9138447168	0.05753418394
510	0.9139050781	0.05751402587
511	0.9140096685	0.05747908048
512	0.9141303148	0.05743874413
513	0.9142006047	0.05741523064
514	0.9142208503	0.05740845629
515	0.9143789064	0.05735554165
516	0.9144433539	0.05733395167
517	0.9145068676	0.05731266655
518	0.9145273354	0.05730580558
519	0.9146044482	0.0572799493
520	0.9146868228	0.05725231582
521	0.9146991282	0.05724818671
522	0.9148790651	0.05718777408
523	0.9149095242	0.05717754131
524	0.9149789521	0.05715421012
525	0.9151382896	0.05710062878
526	0.9152537378	0.05706177495
527	0.9152707499	0.05705604731
528	0.9153429693	0.05703172614
529	0.9154351639	0.05700066285
530	0.9155024699	0.05697797465
531	0.9156938154	0.05691342449
532	0.915736824	0.0568989055
533	0.9159091478	0.05684069472
534	0.9160627211	0.05678876753
535	0.916142427	0.05676179814
536	0.9161786918	0.05674952327
537	0.9162316154	0.05673160503
538	0.9163347898	0.05669665717
539	0.9164390132	0.05666133206
540	0.9164590193	0.05665454875
541	0.9165801714	0.05661345333
542	0.9167384314	0.05655972569
543	0.9168632005	0.05651733189
544	0.9169434771	0.05649003881
545	0.9170167964	0.05646509963
546	0.917154522	0.05641822316
547	0.9172789721	0.05637583162
548	0.9173444868	0.0563535025
549	0.9174859965	0.05630524207
550	0.9175869959	0.05627077194
551	0.917667476	0.05624328973
552	0.9177392664	0.05621876351
553	0.9177547949	0.056213457
554	0.917798877	0.05619839023
555	0.9179939795	0.05613165782
556	0.9180633416	0.05610791425
557	0.9182004069	0.05606096535
558	0.9182326264	0.05604992354
559	0.9183557056	0.05600772346
560	0.9183913437	0.05599549833
561	0.9184772117	0.05596603154
562	0.918544073	0.05594307644
563	0.9185988659	0.05592425769
564	0.9187899501	0.05585857973
565	0.9188855505	0.05582569171
566	0.9189461719	0.05580482695
567	0.9190368312	0.05577360918
568	0.9190763004	0.05576001281
569	0.9191149485	0.0557466961
570	0.9192147861	0.055712281
571	0.9193690434	0.055659065
572	0.9194613652	0.05562719128
573	0.9194884266	0.05561784498
574	0.9196240084	0.05557099491
575	0.9197747342	0.05551886547
576	0.9199200598	0.05546855729
577	0.919981496	0.05544727588
578	0.920009991	0.05543740248
579	0.9200899195	0.05540969816
580	0.9201212705	0.05539882768
581	0.9201693392	0.05538215647
582	0.9202315754	0.05536056424
583	0.9203689703	0.05531286655
584	0.9205777327	0.0552403143
585	0.9206276806	0.05522294149
586	0.9206554232	0.05521328976
587	0.9207373839	0.05518476551
588	0.9207817586	0.05516931593
589	0.9208167333	0.05515713599
590	0.9208509598	0.05514521403
591	0.920898783	0.05512855167
592	0.9209588769	0.05510760688
593	0.9210053639	0.0550913991
594	0.9211390302	0.05504476944
595	0.921268716	0.05499949065
596	0.9213665243	0.05496531695
597	0.921486259	0.05492345334
598	0.9216512227	0.05486572367
599	0.9217005935	0.0548484344
600	0.9217514281	0.05483062676
601	0.9218115149	0.05480957059
602	0.9218993419	0.05477877889
603	0.9220258652	0.05473439003
604	0.9220974383	0.05470926368
605	0.9222126272	0.05466880141
606	0.9222901307	0.05464155996
607	0.9223145935	0.05463295881
608	0.9223871803	0.05460742917
609	0.9225180073	0.05456138562
610	0.9226144858	0.05452740586
611	0.9226906919	0.05450055106
612	0.922780475	0.0544688948
613	0.9228301241	0.05445138131
614	0.9229035309	0.05442547707
615	0.9229978727	0.05439216704
616	0.9230846158	0.05436152196
617	0.923137846	0.05434270793
618	0.9232388574	0.0543069879
619	0.9233055854	0.05428337841
620	0.9234121438	0.05424565494
621	0.923429132	0.05423963838
622	0.9235363702	0.05420164351
623	0.9235562188	0.05419460819
624	0.9235786389	0.05418666027
625	0.9236901267	0.05414712055
626	0.923949176	0.05405513573
627	0.9240234286	0.0540287408
628	0.9240918498	0.05400440736
629	0.9241324438	0.05398996522
630	0.9241818422	0.05397238559
631	0.9242765667	0.05393865946
632	0.9243645657	0.05390730899
633	0.9243816705	0.05390121314
634	0.9244580098	0.05387399871
635	0.924507365	0.0538563966
636	0.924592299	0.05382609214
637	0.9246793358	0.0537950197
638	0.9247640323	0.0537647655
639	0.924889697	0.0537198458
640	0.925036568	0.05366729808
641	0.9250519352	0.053661797
642	0.9251073491	0.05364195555
643	0.9251761117	0.05361732422
644	0.9251780937	0.05361661409
645	0.9251948384	0.05361061421
646	0.9252127961	0.05360417896
647	0.9252644128	0.05358567748
648	0.9253592314	0.05355167407
649	0.9254043781	0.05353547616
650	0.925428128	0.05352695311
651	0.9254326075	0.05352534541
652	0.9254653325	0.05351359896
653	0.9255452152	0.0534849146
654	0.925570556	0.05347581197
655	0.9256638172	0.05344229849
656	0.9257396746	0.05341502356
657	0.9258366095	0.05338014981
658	0.925855372	0.05337339709
659	0.9259405893	0.05334271623
660	0.9259463797	0.05334063088
661	0.9260668166	0.05329723802
662	0.9261101967	0.05328159971
663	0.926191431	0.05325230284
664	0.9262392817	0.05323503807
665	0.9263139829	0.05320807435
666	0.9263574571	0.05319237583
667	0.9264627354	0.05315434073
668	0.9265427971	0.05312539765
669	0.926662406	0.05308212854
670	0.9266985153	0.05306905887
671	0.9269214907	0.05298828216
672	0.926970684	0.05297044445
673	0.9269877937	0.05296423898
674	0.9270553607	0.05293972621
675	0.927076436	0.05293207794
676	0.927122613	0.05291531635
677	0.9272396979	0.05287279233
678	0.9273282076	0.05284062385
679	0.9273434501	0.05283508202
680	0.9274157079	0.05280880293
681	0.9275072647	0.05277548631
682	0.9275479598	0.05276067099
683	0.9276484616	0.05272406481
684	0.9277287236	0.05269481243
685	0.9277701759	0.05267969827
686	0.9278473944	0.05265153171
687	0.9278586461	0.05264742621
688	0.9279268074	0.0526225489
689	0.9279892184	0.05259976001
690	0.9280736012	0.05256893259
691	0.9280874042	0.05256388823
692	0.9281911527	0.05252595752
693	0.9282396897	0.05250820285
694	0.928265459	0.05249877409
695	0.9282926169	0.05248883543
696	0.9284079898	0.05244659272
697	0.9284881108	0.05241723713
698	0.9285371608	0.05239925755
699	0.9285963299	0.05237756058
700	0.9286238176	0.0523674779
701	0.928664348	0.05235260756
702	0.9286775794	0.05234775215
703	0.9288413523	0.05228761629
704	0.9288933829	0.05226849665
705	0.9289482886	0.05224831292
706	0.928974575	0.05223864709
707	0.929019663	0.05222206354
708	0.929096903	0.05219364205
709	0.9291280814	0.05218216518
710	0.9291301086	0.05218141889
711	0.9291637677	0.05216902582
712	0.9292548272	0.05213548358
713	0.9293021016	0.05211806131
714	0.9293071404	0.05211620397
715	0.9293794717	0.05208953511
716	0.9294200766	0.0520745579
717	0.9294344244	0.05206926466
718	0.9294792234	0.0520527338
719	0.9295478423	0.05202740317
720	0.929635012	0.05199520675
721	0.929719175	0.05196410191
722	0.9298202829	0.05192670998
723	0.9299204966	0.05188962213
724	0.9300234928	0.05185147688
725	0.9301333142	0.05181077296
726	0.9301856936	0.05179134793
727	0.9302883952	0.0517532396
728	0.9303080874	0.05174592945
729	0.9303265177	0.05173908679
730	0.9303496486	0.05173049764
731	0.930387857	0.05171630669
732	0.9304022116	0.05171097422
733	0.9305274411	0.05166443071
734	0.9306130475	0.05163258958
735	0.93067147	0.05161084816
736	0.9307868509	0.05156788325
737	0.930907775	0.05152281579
738	0.9309615653	0.05150275587
739	0.9310579693	0.05146678455
740	0.9310691058	0.05146262758
741	0.9311190426	0.05144398322
742	0.9312065963	0.0514112779
743	0.9312420346	0.05139803418
744	0.9313279389	0.05136591652
745	0.9313521224	0.05135687122
746	0.9314419589	0.05132325597
747	0.9314470158	0.0513213631
748	0.9315139512	0.05129630179
749	0.9315986753	0.05126456264
750	0.9316463558	0.05124669204
751	0.931735834	0.05121313886
752	0.9318079662	0.05118607422
753	0.9318819546	0.0511582982
754	0.9319813289	0.05112096836
755	0.9320332187	0.05110146515
756	0.9320548164	0.05109334529
757	0.9320659522	0.05108915816
758	0.932137341	0.05106230747
759	0.9321934403	0.05104119756
760	0.9322557566	0.05101773795
761	0.9322984317	0.05100166626
762	0.9323546346	0.05098049217
763	0.9324262151	0.05095351194
764	0.932520506	0.05091794987
765	0.9325281282	0.05091507403
766	0.9325842031	0.05089391224
767	0.9326335868	0.05087526833
768	0.9326748031	0.05085970263
769	0.9327929919	0.05081504113
770	0.9329513468	0.05075513996
771	0.9329554674	0.0507535803
772	0.9330093647	0.05073317571
773	0.9330368185	0.05072277905
774	0.933070938	0.0507098551
775	0.9331804874	0.05066833717
776	0.9332445865	0.0506440286
777	0.933260618	0.05063794711
778	0.9333339863	0.05061010564
779	0.9334101401	0.05058119095
780	0.9334166586	0.0505787152
781	0.9334515348	0.05056546697
782	0.9335717583	0.05051977164
783	0.9336088509	0.05050566492
784	0.9336303793	0.05049747561
785	0.9336956187	0.05047265073
786	0.9337396253	0.05045589848
787	0.9337846093	0.05043876838
788	0.9337860574	0.05043821683
789	0.9338710411	0.05040583844
790	0.9339649149	0.05037004877
791	0.9340338099	0.05034376613
792	0.9340670561	0.0503310782
793	0.9341773112	0.05028897798
794	0.9342995435	0.05024226317
795	0.934367264	0.05021636296
796	0.9344257937	0.05019396711
797	0.9344413828	0.0501880004
798	0.9344976245	0.05016646803
799	0.9345324019	0.05015314873
800	0.9345378928	0.05015104545
801	0.9346137239	0.05012198963
802	0.9347185218	0.050081807
803	0.934842001	0.05003441998
804	0.9349141659	0.0500067048
805	0.9349640598	0.04998753393
806	0.9349876233	0.04997847747
807	0.9350796509	0.04994309171
808	0.9351300657	0.04992369591
809	0.9351869093	0.04990181779
810	0.9352251532	0.04988709301
811	0.9352689135	0.0498702389
812	0.9352947228	0.04986029587
813	0.935320352	0.04985042027
814	0.9354358922	0.04980587535
815	0.9355944171	0.04974469335
816	0.935599408	0.04974276588
817	0.9357088315	0.04970048878
818	0.9358367896	0.04965100493
819	0.9359800068	0.04959556159
820	0.9361053638	0.04954698147
821	0.9361723659	0.04952099632
822	0.9362730914	0.04948190668
823	0.9363324793	0.0494588449
824	0.9363628932	0.04944703028
825	0.9364195332	0.04942502031
826	0.9365010274	0.04939333492
827	0.9365911394	0.04935827518
828	0.9365989738	0.04935522589
829	0.9366677281	0.04932845738
830	0.936711695	0.04931133184
831	0.9368119467	0.0492722606
832	0.9369420267	0.04922151815
833	0.9369967833	0.04920014267
834	0.937079016	0.04916802379
835	0.9371274879	0.04914908159
836	0.9371807882	0.04912824404
837	0.937249961	0.04910118806
838	0.9373218273	0.04907306271
839	0.9373874731	0.04904735772
840	0.9374481164	0.04902359959
841	0.9374662667	0.04901648662
842	0.9375101767	0.04899927437
843	0.9375831423	0.04897065925
844	0.9376357788	0.04895000628
845	0.9376384983	0.04894893901
846	0.937765348	0.04889913007
847	0.9378971453	0.04884732464
848	0.9379483838	0.04882716952
849	0.9380364202	0.04879252019
850	0.9380833992	0.04877402011
851	0.938118821	0.04876006661
852	0.9381430243	0.04875053002
853	0.9381649664	0.04874188277
854	0.9382066277	0.0487254601
855	0.9382522625	0.04870746476
856	0.9383138627	0.04868316316
857	0.9383429979	0.04867166491
858	0.9383459672	0.04867049293
859	0.9384194663	0.04864147374
860	0.9384625888	0.04862443984
861	0.9384979419	0.04861047053
862	0.9385121783	0.04860484408
863	0.9385820456	0.04857722192
864	0.9386135209	0.04856477296
865	0.9386833476	0.04853714403
866	0.9386915678	0.04853389044
867	0.9387468419	0.04851200708
868	0.938772993	0.04850165023
869	0.9388048385	0.04848903521
870	0.9388225846	0.04848200396
871	0.9388573504	0.04846822637
872	0.938878742	0.048459747
873	0.9390415394	0.04839516733
874	0.9391346915	0.04835817628
875	0.9391740027	0.04834255719
876	0.9391773387	0.04834123146
877	0.9392461799	0.04831386659
878	0.9392545063	0.04831055575
879	0.9393065407	0.04828985996
880	0.9393421191	0.04827570418
881	0.9393583997	0.04826922512
882	0.9393706708	0.04826434114
883	0.9394260618	0.04824228892
884	0.9394334793	0.04823933511
885	0.9394807583	0.04822050333
886	0.9395840302	0.04817934326
887	0.9397075961	0.04813004858
888	0.9397891337	0.04809749279
889	0.9397977331	0.04809405799
890	0.9398191595	0.04808549871
891	0.9398772202	0.04806229738
892	0.9399381348	0.04803794358
893	0.9399728765	0.04802404824
894	0.9400765978	0.04798253973
895	0.9401287202	0.04796166719
896	0.9401527874	0.04795202636
897	0.9402221245	0.04792424043
898	0.9402709228	0.04790467552
899	0.9403376516	0.0478779087
900	0.9404180296	0.0478456469
901	0.9404323457	0.04783989848
902	0.9404741404	0.0478231125
903	0.9405152472	0.04780659703
904	0.9406004306	0.04777235475
905	0.9406584085	0.04774903456
906	0.9406708226	0.04774403983
907	0.9407244127	0.04772247213
908	0.9407464877	0.04771358507
909	0.9408116011	0.04768736175
910	0.9408244533	0.04768218406
911	0.9408697673	0.04766392411
912	0.9409463426	0.04763305104
913	0.9409642348	0.04762583453
914	0.9410309545	0.04759891456
915	0.9410583262	0.04758786627
916	0.9411306674	0.04755865418
917	0.9411854242	0.04753653092
918	0.941240941	0.04751409004
919	0.9413000109	0.04749020133
920	0.9413305146	0.04747786049
921	0.9413628597	0.04746477115
922	0.9413784185	0.04745847356
923	0.9414473184	0.04743057561
924	0.9414520052	0.0474286773
925	0.9415020749	0.04740839269
926	0.9415529772	0.04738776186
927	0.9416073298	0.04736572269
928	0.941617966	0.04736140866
929	0.941669318	0.04734057489
930	0.9417321362	0.04731507669
931	0.9418376633	0.04727221187
932	0.9419138783	0.04724122935
933	0.9419760742	0.04721593071
934	0.942032915	0.04719279847
935	0.9420484891	0.04718645834
936	0.9420853806	0.04717143669
937	0.9421094768	0.0471616225
938	0.9421815782	0.04713224395
939	0.942244515	0.04710658465
940	0.9422800672	0.04709208387
941	0.9423543293	0.04706177992
942	0.9423617313	0.04705875835
943	0.9424436647	0.04702529918
944	0.9424587083	0.04701915322
945	0.9424744373	0.04701272642
946	0.9425246828	0.04699219038
947	0.942559572	0.04697792542
948	0.9426156951	0.04695496951
949	0.9426658136	0.04693446022
950	0.9427222686	0.04691134714
951	0.9427424449	0.04690308405
952	0.9427722863	0.04689086004
953	0.9428242294	0.0468695748
954	0.9428842382	0.04684497238
955	0.9428992003	0.04683883621
956	0.9429667278	0.04681113214
957	0.9430703154	0.04676860209
958	0.9430771503	0.04676579455
959	0.943124823	0.04674620735
960	0.9431637655	0.04673020099
961	0.9432137637	0.04670964247
962	0.9432864513	0.04667973822
963	0.9433089476	0.04667047919
964	0.9433379729	0.04665853023
965	0.9433774938	0.04664225556
966	0.9434820468	0.04659917339
967	0.9434919488	0.04659509111
968	0.9435368481	0.04657657604
969	0.9435800791	0.04655874195
970	0.943669138	0.0465219809
971	0.9437376104	0.04649369768
972	0.9437933776	0.0464706497
973	0.9439106601	0.04642214085
974	0.943963472	0.04640028088
975	0.9439965553	0.0463865818
976	0.944013631	0.0463795095
977	0.9440603299	0.04636016264
978	0.9440917608	0.04634713656
979	0.9441521812	0.04632208598
980	0.9442136659	0.0462965802
981	0.9443142555	0.04625482216
982	0.9443515902	0.04623931369
983	0.9443955705	0.04622103806
984	0.9444561838	0.04619583885
985	0.9444890672	0.04618216226
986	0.944555656	0.04615445477
987	0.9445850598	0.04614221462
988	0.9446588794	0.04611147079
989	0.9446628225	0.04610982801
990	0.9446898443	0.04609856864
991	0.9447576368	0.04607030894
992	0.9448056302	0.04605029214
993	0.9449378152	0.04599511617
994	0.9449791198	0.04597786143
995	0.9450257561	0.04595837166
996	0.9450376963	0.04595338036
997	0.945061645	0.04594336766
998	0.945076007	0.045937362
999	0.9451668714	0.04589934765
